GeneID	Gene_Name
ADIPOQ	149533
IFNK	56832
TRAV3	28690
Ccbp2	205741
MAPK1	5594
OSTN	344901
Mir212	223707
PLXNA4	91584
CLTC	61767
SEMA4F	10505
NR5A1	2516
GHSR	2693
CORO2A	145441
ILK	3611
CXCL12	6387
Lilrb3	136357
NODAL	4838
CLEC9A	191954
IGHD5-12	28491
TRAV27	28655
CCL3L3	414062
ADRM1	11047
FGF22	27006
TOR2A	27433
VLDLR	155959
TNFRSF11A	8792
APCS	103905
MTOR	89258
AVPR1A	552
PADI4	201304
OSM	142284
MAPK3	209781
MET	4233
TRAJ23	28732
TLR6	13675
TRPV2	32212
IGHV7-4-1	57289
OSGIN1	29948
LGALS2	6696
RORA	181478
CEBPB	80858
C1QC	198256
APOBEC3G	60489
TRGC1	6966
mmu-mir-29a	221242
ARF6	144539
CASP2	141522
TCHHL1	126637
DEFB103B	55894
ACHE	32513
HLA-DOB	3112
HLA-DRB1	3123
IFNE	338376
NFKBIE	4794
S1PR2	9294
IRF9	10379
HLA-DQB2	170861
AREG	374
TNFRSF13B	23495
LEFTY2	7044
AP3B1	8546
TAFA1	407738
Ifi202b	206063
B2M	567
GKN1	56287
Mtap1s	164802
CAMK2A	53452
AREG	179096
IGKV1D-39	28893
PROS1	170363
DEFB108F	100133128
GMFG	9535
DUOX2	202825
CDC42	998
CER1	9350
PDGFRB	5159
NR2F6	2063
DDX41	60413
TMSB15B	286527
IGKJ5	28946
MAP3K8	127807
TRAJ9	28746
HSPA6	3310
C6	18604
GP2	18165
RAF1	5894
JAG1	182
IL31	386653
STAT6	195602
CXCR3	2833
PTGDR2	11251
IFIT5	81992
PDGFRL	5157
HLA-E	3133
LTB4R2	56413
NR1H2	7376
NLRP12	264083
IGHV1-38-4	28460
SLAMF6	104051
MKNK1	98137
CASP7	90066
OAS1	196726
WDFY1	172895
IGHV3-30-5	89770
PIK3AP1	83923
CLEC4D	17159
ADAR	164791
DICER1	18522
IRF7	3665
SCG2	7857
CSF2	1437
DEFB129	140881
PIK3CG	133881
TRIM47	69064
IGF2	3481
PSMD8	5714
PTH2	113091
SPON2	6462
NLRP6	16041
MIR16-1	127053
ICAM2	3384
SIAH1	30112
NR1D1	9572
NOD2	64127
SMAD7	3195
MoleculeID 216094	216094
RARG	5916
SERPIND1	3053
ELF4	85951
C3	718
Mb21d1	186803
CXCL9	4283
OLFM4	36123
MCHR1	2847
TNF	7124
FOXA2	59234
GNRH2	2797
GRK5	91131
IL17RD	140856
STIM1	24705
TCEB2	10956
TRDJ1	28522
PARK2	98830
EPGN	255324
TRAF5	208924
SREBF2	166203
CCL1	6346
DEFB133	403339
YWHAE	14629
EREG	2069
NLRP10	30412
ECD	11319
EGR1	47191
SNCA	152558
TRIM5	85363
ITPR1	174302
TRBV5-4	28611
NFATC2	213130
ITGAV	3685
GSK3A	156635
HLA-F	3134
AICDA	17253
SEMA4A	64218
WNT2B	101110
ZNF423	178353
TRAV13-1	28671
USP25	171582
HIF1A	8510
ITGAX	28212
BCL2L1	209867
TRIM49	67515
MUC5AC	4586
IGLV3-22	28795
TRBJ1-2	28634
KLK1	64886
IGLV2-14	28815
KITLG	187862
C5AR1	728
DMBT1	1755
LY86	145270
ABCG1	4231
TRAF6	193222
ATF3	208712
IL12A	3592
IGKV6-21	28906
MAPK1	137672
NR1H3	190792
DEFB112	245915
DEFA1B	728358
PSMD13	5719
IL1RAP	3556
IGLV8-61	28774
SIRPA	206000
ADA2	51816
FGA	2243
AGER	172144
MARCO	188086
HSP90B1	54092
JAK3	37201
TREM1	189794
TNFRSF10D	8793
TRAJ48	28707
VTRNA2-1	115355
IL1B	205936
SLURP1	57152
TNFRSF8	943
BLNK	29760
CEBPD	281563
PTCH1	161037
C5	727
TRAV5	28688
HDAC2	143980
CFH	105504
SIGLEC10	176715
TRGV4	6977
DEFB130A	245940
STIM1	202769
ZC3HAV1L	92092
ARHGAP15	168042
TAFA3	284467
ING4	14716
UBE2W	25727
TRPM2	5302
LANCL1	10314
IL3	3562
CASP4	69557
KCNH2	3757
TECPR1	208049
OPRD1	4985
MARCO	8685
PELI1	53855
S1PR1	1901
GALR3	8484
IGLJ	8217
RIPK1	57326
MIR517C	127401
EGFR	1956
INHBB	3625
IL4	3565
IFNA14	3448
CD19	930
ANO6	28318
GNRH1	2796
MAP3K7IP2	97690
MAPK14	158983
UBQLN1	73620
March5	161368
MUC4	4585
XCR1	2829
SCARF1	15121
TRIM61	43425
PSMD7	5713
OTUD5	64831
IFNE	162815
SCN5A	26059
TECPR1	28493
PACSIN1	83573
IFIT3	81919
PIK3C3	2711
MAPKAPK2	190728
FCGR3B	2215
CXCR5	643
MTA1	23411
FABP4	2167
TNFSF15	9966
IGHD6-13	28487
TRAJ5	28750
FABP2	2169
HLA-A	3105
IL1B	3553
KL	9365
NLRP13	71230
SLIT2	9353
SERPINE1	204786
TRAV12-1	28674
STAT4	77625
VEGFA	7422
IL17RE	132014
NOD1	149298
IL9	3578
HRG	148872
TRAJ22	28733
NRTN	4902
C4B	301132
PIK3CD	205331
TRBV14	28573
TNFRSF13C	166389
RHEB	142234
WNT5A	7474
PGLYRP2	251732
ACVRL1	94
IGLV2-11	28816
PDIA3	2923
IGHD2-8	28504
PPP3R1	5534
CD5L	157061
DDX1	128974
KNG1	3827
ADAM17	130508
S100A7L2	645922
RN7SL1	6029
IGKV3D-7	28877
PIK3R3	8503
CD8A	925
SOCS1	8651
CIITA	4261
IL17A	3605
IGHV7-81	28378
PLEC	153069
TRBV6-5	28602
CDK6	131439
CANX	821
ADM2	79924
WFDC2	10406
Gbp7	197215
TRAF3	172558
SDC4	212144
CCR1	1230
DEFB4B	100289462
PDK1	5163
ELF1	182872
ADIPOR2	79602
STAB2	55576
PDGFRA	5156
IGLV3-32	28787
PGC	5225
TGFBR2	7048
GHRHR	2692
Raet1c	137529
RNASEL	6041
SHC2	25759
IGF1	3479
KIR2DS3	3808
TRAV38-2DV8	28643
CGB7	94027
GIP	2695
MIA	8190
OAS3	58353
DUSP1	155234
SLC10A2	6555
ANGPTL1	9068
NFATC1	4772
OAS1	196676
CAMP	201591
SIRT1	75847
HLA-DPA1	3113
BTK	695
CDH1	999
KIR2DL1	3802
RNF125	2177
NCR3	259197
RPL19	210447
TEC	7006
SLC11A1	6556
TRDJ2	28521
ESRRG	2104
PDGFD	80310
EDN2	1907
IGKV1-6	28943
CMTM5	116173
ADCYAP1R1	117
IFNA16	3449
R3HDML	140902
CKLF	51192
FGF17	8822
PSME1	5720
INPP5D	3635
CD48	204791
POMC	5443
FGF7	203973
HSF1	40498
TSHR	7253
DLK1	20347
OAS2	58392
RAC2	5880
EPPIN	57119
LMBR1L	55716
TRGJP	6970
OAS1	4938
MAP2K7	24000
P2RY14	61501
IL1R2	148186
GATA6	128584
C19orf29	17610
RLN3	117579
PSME2	5721
FADD	212910
CTNNB1	27347
TLR4	156729
MTOR	204403
FGF20	26281
NFYB	4801
PSMD2	5708
MAP3K7	132962
PTGDS	5730
Pmaip1	155006
C1QBP	21497
MYD88	204565
CGB8	94115
TNFSF14	8740
CD48	962
MIR362	126785
IFNAR2;IL10RB	1973
LGALS3	7247
PAK3	5063
CNPY3	87405
ELAVL1	1994
IGKV3-7	28915
C1S	15857
HSPA1B	606687
GDNF	2668
MAP3K3	63432
INSR	3643
PTGES	157032
CD300LD	214150
PIK3CG	5294
DHX36	147779
NDRG1	10397
TSC1	152579
ATF7	189070
MRGPRX2	35412
LTBP4	8425
Mir302b	221396
INSL4	3641
RORC	169968
GNAI2	36105
IL7	130583
IGHV3-21	28444
PCBP1	164861
NR4A3	146207
IFI27	17962
BMP8B	656
SEMA3G	56920
TPP2	48458
RASGRP1	10125
TYRO3	199993
Mir125a	224267
PACSIN1	157012
PLG	98749
PI15	51050
TRIM22	10346
TRAJ20	28735
KLF4	148689
TMEM126A	198859
MFF	82567
MSTN	2660
CNTFR	1271
IP6K1	35427
TRAJ18	28737
NFKBIZ	165943
TRBV28	28559
TRAJ54	28701
YY1	20038
CSRP1	1465
IGLV2-33	28811
IGHD3-10	28499
BMX	46340
TRIM32	156706
GLI1	42577
MC3R	4159
RAB11A	17737
DEFB103A	414325
DEFA6	1671
NLRP12	67727
CSH1	1442
HP	41488
TRAJ33	28722
CRABP1	1381
ZFPM1	46137
LGALS1	6929
MERTK	66030
AKNA	82103
LEP	3952
TRAV38-1	28644
ICOS	29851
RARRES2	47881
F2RL2	29585
NGF	4803
RAD23A	174863
MIRLET7B	126513
PTPRC	5788
GPER1	2852
RABEP1	9135
BPIFB6	128859
CARD6	18462
DAGLB	207742
MIR141	126529
OPTN	54466
NPPC	4880
IL1RL1	9173
PTGFR	5737
SKP2	16420
HSPBP1	138595
CTNND1	184766
ERN1	213476
TREML4	189814
AKT2	208
LYZ	4069
BCL2	185673
APOBEC3F	200316
NOX1	27035
MAP3K7IP3	53967
LGALS3	154384
PPP1CC	57303
APOBEC3A	200315
TNFSF8	944
AP3B1	173348
SLC22A17	51310
PPP1CC	197968
IFNA1	3439
FGF23	8074
NRG1	3084
MIR130A	126561
PRLHR	2834
CD300E	67366
DEFB4A	1673
HMGN2	94677
TRGV2	6974
HDAC2	95591
GLRX	168209
IGKV3D-15	28875
RNASEL	199298
TLR5	259066
TRAV34	28648
ABCA1	147642
IGKV2D-30	28881
IGLJ1	28833
FASLG	356
PTEN	158878
DEFB106B	503841
PPARA	5465
NR2F1	7025
EDNRA	1909
TRH	7200
IL36G	56300
GSK3B	2932
GP2	207909
IL18RAP	8807
CCR7	1236
PLA2G2A	5320
EGF	1950
MIR1275	281264
IL5RA	3568
PLXNB2	23654
TRAJ35	28720
IL1R1	3554
F2R	2149
PDYN	5173
AKT3	10000
RGS2	105451
ITCH	68143
ITPR1	14187
DEFA5	138822
NOS1	4842
NFIA	164923
TRIM60	43470
MYD88	25713
IGHV4-31	28396
VEGFC	155240
RPL19	45490
JAM3	145910
PIK3CB	5291
CSH2	1443
PIK3CA	5290
SREBF1	33208
TRBJ1-5	28631
TRBJ2-3	28626
DUSP16	194120
TMSB4X	7114
TNFSF11	182101
DCN	187478
GNAI3	186305
IL6R	3570
MEFV	11729
HIF1A	148620
KEAP1	139531
NR0B2	8431
IGLV3-25	28793
CXCL8	3576
TDGF1	6997
MTNR1A	4543
IL20RB	193159
SIGLEC11	63914
IL13	172064
IGHV1-69	28461
MMP9	4318
TRBD2	28636
IFITM2	16199
IL2RB	159374
PAK2	5062
OLR1	4973
HLA-DRA	3122
ZYX	7791
TRAV2	28691
TRAV40	28641
RANBP9	62534
PSTPIP1	24106
WDR34	88472
SEMA6C	10500
GRK2	156
PDGFA	5154
CCDC88A	52430
ITPR3	156294
TRDJ4	28519
PLTP	5360
RICTOR	17688
CARD16	69692
ECSIT	29564
KIR2DL3	3804
PSMD11	5717
IRF4	55681
CCNT1	30254
CYSLTR2	57105
USP4	199676
SCGB3A1	92304
TRIM58	107983
CCL7	6354
UBE2N	51220
MSR1	149582
LY96	135441
hsa-mir-98	126843
EDIL3	170705
ABCA1	79441
ILF3	27975
TP63	150133
TRBV6-9	28598
C4BPB	106321
IGHD3-9	28500
FOXO3	95024
BMP2	650
CLEC4M	10332
FGF11	2256
ISG15	137564
ACKR4	51554
KIR3DL2	3812
TNFAIP8L2	102300
IL2RG	3561
TRAJ19	28736
IRF3	3661
CCL18	6362
APLN	8862
SLPI	6590
NEWENTRY	192343
JAM3	76413
FGF12	2257
IL31RA	133396
DCD	117159
ZBTB16	72004
NCR1	9437
FLT3LG	2323
IFNA8	3445
LILRA4	68562
CD40	958
CYLD	179176
ITGB1	68302
ZAP70	7535
BTN3A3	69364
VEGFA	185847
RUSC1	103247
LTA	4049
IL6ST	3572
PRMT1	63299
NFATC4	4776
AMACR;C1QTNF3	15015
UCHL1	15224
IL20RB	53833
TNFRSF9	205902
CTSB	172314
NLRP8	71259
OAS1	196639
DCN	50872
SP1	6667
GDF5	8200
IL2RA	3559
DHCR24	99054
Tlr13	166933
TNFRSF1B	7133
IGKV1D-13	28902
FABP5	2171
ACKR2	1238
SERPINB9	142836
RBP1	5947
AGER	177
JUND	3727
hsa-mir-146b	127623
PLXNA1	5361
MAP2K6	66516
PIK3R5	23533
MC2R	4158
IGHV3-69-1	28402
PLCG2	5336
FGF10	2255
CD200	49799
HSPBP1	70495
RUNX3	94257
IGHV3-49	28423
IL21	59067
STAT3	6774
Gpr77	146283
TNFSF18	8995
BMPR2	659
IGHV3-73	28409
TYK2	139044
TRAJ34	28721
IFN1@	3438
DEFA7P	724067
ACO1	48
PLSCR1	191069
SECTM1	6398
PRKCB	5579
UNC93B1	128581
TRIM8	88134
CXCL17	284340
XIAP	141324
TRBJ1-4	28632
EIF4E	196687
GNAI2	198032
INS	3630
IL6	144970
CTSB	1508
TRAJ46	28709
BPIFC	254240
NPPB	4879
MUL1	92888
DDX17	10521
TLR1	165889
KIR2DL5A	57292
JUN	3725
CDKN1A	159848
AQP3	137002
NOX4	50507
PPBP	5473
GDF9	2661
VEGFB	7423
MIR200C	127093
MAP3K12	36895
ORM1	5004
NEDD4	4734
DUOX1	53905
Ticam2	145267
NEU1	175208
APOBEC3C	27350
IGLV7-46	28775
IL2RB	3560
FGF9	2254
NFKBIA	4792
ITGAL	3683
PGR	5241
IGLV1-44	28823
A2M	2
PGLYRP4	57115
IGKV1-39	28930
SERPINB2	186363
MYO18A	201810
IFNA10	3446
LTBR	189788
CXCL11	6373
GAB1	39257
PLK1	20740
NTN1	188640
CCL20	6364
HLA-DQA1	3117
KPNA1	52534
ACVR1B	91
CDK4	1019
HNF4A	3172
NR2F2	7026
SPPL3	193230
PPP3CC	5533
PTH1R	5745
KIR3DL3	115653
VIPR1	7433
CCL19	6363
CCR6	1235
RABEP2	79874
TGFBR3	7049
HRH4	1754
TRIB2	30297
FXR1	66609
TRAV13-2	28670
USP4	34595
SERPINE1	32959
ANPEP	194391
IGHD6-6	28488
NOXA1	93355
TRBV12-3	28577
ACE	213293
ROBO1	6091
Mcpt4	166604
IL20	50604
PLAU	5328
PSME3	10197
AGT	183
IGLJ7	28827
MAP3K5	96934
THBS1	197807
CD300LF	67452
LCK	3932
PML	171712
YJEFN3	39983
DEFB124	245937
DEFB115	245929
FCGR2A	104282
ZBP1	213369
CCL3P1	390788
ARG2	384
Adrbk1	129419
TLR10	13548
ITGAX	210550
DEFA1A3	613253
PELI2	7478
ABCC4	10257
IL1RAPL1	53480
CX3CL1	6376
FGF16	8823
SMARCE1	47847
HTR1A	3350
DOK3	156241
IKBKE	9641
MLNR	2862
TRIM15	75795
IGHV3-74	28408
DEFB1	1672
SDC2	6383
4432412L15Rik	173238
KRAS	3845
PPP4C	209838
hsa-mir-148a	126833
TRIM9	6467
TNIP3	36076
IGHD6-19	28486
TRIM6	27325
CCL25	6370
SSTR2	6752
KLRC4	8302
SIRPA	40694
NR1H3	10062
IL12RB1	3594
DLK1	171234
TBK1	192882
MCHR2	84539
IL34	146433
SRXN1	209605
SST	6750
IGKV4-1	28908
TRIM50	19813
IGKV5-2	28907
LGR4	195566
PENK	5179
DUSP1	57812
DEFB130B	100133267
FPR1	2357
LRRFIP1	84322
PLAUR	154827
HDAC1	3065
FAM3D	131177
CD86	942
IGHV3-48	28424
ULBP1	80329
ACTG1	71
CNOT4	135345
RAC2	159514
IGHV3-33	28434
SLX4	12161
IFI30	10437
PDIA2	64714
S1PR1	189693
IGLV3-19	28797
XBP1	144745
RLN2	6019
ATG5	94856
NMB	4828
IL25	162540
PTN	5764
TRIM7	62871
SEMA5B	54437
IL17RA	23765
CLEC7A	256772
SDC3	9672
CR2	1380
BPIFB4	149954
AQP9	366
ANXA1	71054
TRAJ37	28718
C8A	99144
CRHR1	1394
TRAJ36	28719
IRGM	263693
TNFRSF10C	8794
TLR9	407857
APOBEC3B	7897
PSMC6	5706
GH2	2689
MSR1	4481
SFTPA2	729238
ZBTB20	161026
CALM1	163852
PPP3R2	5535
GLRX	34038
SEMA4G	57715
IGLJ5	28829
PSMB8	170702
ATG16L1	83447
TRAV30	28652
TRBJ2-6	28623
IL27	246778
IGLV7-43	28776
IFNB1	162198
IGHA1	3493
CCL4L2	9560
DHX58	79132
UBE2V2	21151
SPAG11B	10407
IL17B	27190
MIR378	126947
NR3C1	142259
ESRRA	2101
CXCL14	9547
IFIH1	64135
IGKV2-28	28921
MB21D1	92358
MIR517A	127271
TRBV7-9	28589
Raet1a	270707
TLR9	195818
LTBP3	4054
TRBV6-2	28605
GATA4	172452
TRIM24	43164
SIGLEC7	65680
CXCL9	179870
HGF	3082
PMAIP1	4142
ACO1	135868
PTK2B	2185
CD81	975
TNFSF13B	10673
LACRT	90070
TRIM45	101433
HNRNPL	49631
NTF4	4909
BMPR1A	657
TRAJ17	28738
IKBKG	8517
GDF1	2657
KLKB1	3818
IGHV3-30-3	57290
SNAP23	7946
SPHK1	69650
TRBV5-8	28607
NLRX1	156238
IGHV1-58	28464
IGLV1-50	28821
IGKV3-15	28913
TRBV30	28557
TRAJ45	28710
NRAS	180975
LGALS8	107605
ANGPTL5	253935
BIRC3	133177
ELANE	1991
EGFR	151194
GZMM	170467
DDX21	76283
NFKB2	87893
MIR485	127079
TREML2	86610
PF4	5196
PPARGC1B	53101
CYLD	1540
ERAP1	51752
IGHV4-30-4	28397
RNF41	40313
PLXNB3	5365
TRBV19	28568
Mir328	223547
IFNA6	3443
CRH	1392
DEFB105A	245908
SCTR	6344
XRCC5	80616
IGHG1	3500
Tlr11	156030
TRBV6-6	28601
PRTN3	5657
TRAV35	28647
HOXA9	10490
MIR23A	126931
UCP2	64056
FANCC	77041
CXCR1	166395
CD46	209330
MBL2	4153
IL1F7	66559
IFIH1	174129
MASP2	204703
ADAM10	14155
SIGLEC12	177258
LIMS1	3987
IGLV1-51	28820
PRKCA	5578
TLR7	185532
PLA2G4A	197265
IFNW1	3467
MoleculeID 32847	32847
Gm16379	163956
TNFRSF13C	115650
ICAM1	138668
CLEC11A	6320
TRBJ2-4	28625
AZGP1	563
CORT	1325
NR4A1	3164
THRA	7067
TRIM65	69081
TMSB4Y	9087
VAV1	7409
FGF5	2250
IGHV1-18	28468
FURIN	5045
S100A13	6284
MIR136	126353
CFTR	37713
NFATC3	4775
IGLV5-39	28782
SDC4	6385
SOS1	6654
TNFRSF17	608
IGHM	3507
TRIM13	34165
IL1RL2	148344
GCG	2641
S100A9	6280
XIAP	85142
ZFP36	163345
ESRRB	2103
APOD	347
PTX3	5806
CCN2	1490
IGHV3-66	28412
CCL3	6348
CEBPE	162142
LYN	128365
STAT5B	50532
Trim30	204202
CCN3	4856
LPCAT2	31324
CNOT4	42604
IL19	29949
CRKL	1833
TACR1	6869
PSPN	5623
SEMA7A	8482
EIF4EBP2	155976
DDX58	23586
PLEC	39382
SSTR5	6755
NRG3	10718
CMTM6	54918
ERAP2	64167
NLRP14	29985
IGHD1-14	28508
IL8RB	80804
IGHV1-2	28474
PML	5371
SMAD6	18304
CGB1	114335
APOBEC3G;APOBEC3F	7998
UTS2	10911
FABP12	646486
CHUK	1147
CDKN2A	54547
FFAR2	44260
ZC3H12A	96402
TIE1	7075
HSPA2	3306
CCL16	6360
DRD2	162803
CD1C	911
MUC1	103122
RELB	151419
MIR223	127311
TRBV10-2	28584
TLR1	7096
TREM2	86566
DEFA5	1670
TP53	191036
CALCA	796
FPR2	2358
GNAI1	2770
BTC	685
TRAV12-2	28673
BMP6	654
FYN	2534
PRKACA	32929
S100A8	168077
TMEM173	47893
IGKV2-24	28923
Naip5	177193
PPBPP1	728045
CSF1R	150998
TRAJ28	28727
FGF7P3	654466
IGLV5-45	28781
TRAJ7	28748
TRBV4-1	28617
HLA-B	3106
CFLAR	157342
IGHJ3	28479
SIVA1	22673
FCN2	2220
ZC3H12A	187492
MIR328	126687
CSF2	172875
FLT4	2324
P2RX7	198410
TRAJ10	28745
CD36	136838
SELK	40608
C4A	125942
CD40LG	959
FCGR2B	2213
CFB	79667
CASP8	157464
EZH2	143636
SOCS6	4847
Mir203	221154
OAS1	196409
IFIT1B	159854
ARAF	369
S100A3	6274
NENF	29937
AGTR1	185
NFYC	4802
SLAMF9	103966
ZFPM2	32130
CD5L	103716
MAP3K1	22000
CD8A	155582
TRAV1-2	28692
MYC	144556
IGKV1D-16	28901
SQSTM1	61811
IGHV4-28	28400
IGHV3-38	28429
TICAM2	406966
TET2	32690
TRAV39	28642
TXLNA	200081
E2F1	67214
HMOX1	3162
IFNG	3458
CREB1	161359
BPIFA1	51297
TRAV12-3	28672
PPIA	5478
CCR9	10803
IL7R	3575
NFE2L2	75863
KIR3DL1	3811
ANGPTL2	23452
TRAV9-2	28677
LCNL1	401562
IGHD3-16	28498
BID	184076
SEMA6D	80031
FLT1	2321
TAC1	6863
TIRAP	75811
IGHV2-70	28454
LGMN	5641
CHP2	63928
S100a9	168119
FIGNL2	401720
NLRP3	107914
CSPG5	10675
RXFP1	59350
CCN1	3491
TRAV23DV6	28660
XCL2	6846
TRBJ1-6	28630
IRAK1	90782
IGHD4-23	28493
RPS19	53332
EDN3	1908
TNIP1	174207
RPS6KA5	16084
FOS	2353
IKBKE	190983
AHNAK	79026
NUP214	89810
IFNGR1	3459
IGLV3-1	28809
GH1	2688
UCN2	90226
TPST1	18615
TNK1	24740
CXCL6	178768
LUM	187527
ENDOU	8909
Mir146	223927
EIF4EBP1	145947
NEU1	79398
AVPR1B	553
FCGR3A	2214
ANXA2	14711
S100A7	6278
PTPN2	1165
CD81	212677
SREBF1	179865
HMGB1	3146
PDGFC	56034
CISH	37175
ITGAM	28139
IFNA2	3440
TINAGL1	64129
RELA	5970
TRAFD1	57921
VEGFD	2277
TLR3	152685
OSM	5008
CAMKK2	61470
PRLH	51052
CYTIP	72874
RCOR1	21216
UVRAG	200543
TRIM55	23653
COPS5	24191
PLCG2	195070
FGF1	2246
HLA-DOA	3111
XCL1	6375
BCL2	4354
KITLG	4254
IGKJ3	28948
IFNAR2	3455
SDC1	6382
RAC1	5879
TRAV8-7	28679
IL10RA	3587
RB1	32092
PSMC1	5700
TLR8	51311
DEFB4	6711
IL17RB	55540
RORA	6095
LHCGR	3973
ATG9A	81394
CHP1	11261
CBL	155970
TRAJ52	28703
TLR2	154818
SLC15A4	201520
BMP3	651
MAPT	4137
SMARCA4	28592
KIR2DL2	3803
LHB	3972
TNFRSF6B	8771
Cfh	196803
TBK1	29110
IGL	3535
RBP2	5948
IGLV6-57	28778
TRIM37	61551
TRBV12-4	28576
IGLV@	3546
HMGB3	88858
TNFRSF14	8764
CALM1	15903
S100Z	170591
TPSB2	8619
IFNAR1	176038
DOK3	60370
IGHV3-38-3	28404
AZI2	23171
IFIT2	81895
MST1R	35720
ADCY8	35780
NPR1	4881
PIK3CD	5293
BIRC2	133125
ACVR2A	92
HBEGF	1839
S100A14	57402
IGHD1-1	28510
REL	53133
CD209	130586
TRBV13	28574
IL13RA1	3597
IGHV3-30	28439
MLST8	10142
TRBV11-2	28581
AHSG	68916
EPS8	21563
SH2D1B	117157
S100B	6285
PLXNA3	55558
CCL14	6358
IREB2	3658
LTBP2	4053
CXCL13	181227
DEFB135	613209
TUFM	209544
ROBO3	64221
TRBV6-4	28603
IFNA13	3447
NUMB	155803
IFNAR1	3454
DEFB121	245934
IGHV1-69-2	28458
TREML2	189835
STAP2	18753
USP17	298136
SRC	6714
CTCF	36980
GSK3A	53956
GBP6	255448
EPOR	2057
OAS1	196607
SCAF11	178155
NOX3	50508
HS2ST1	197593
TP63	69487
LCN8	138307
TRIM32	82716
TSC1	90470
CCK	885
F11	152055
PPARGC1A	11756
IGKV3-11	28914
RFX5	5993
ELN	2006
FSTL1	51777
IGKV1-9	28941
IFNGR1	135936
PGLYRP4	168143
PTPN6	5777
NPFF	8620
MPO	4353
SCARB1	201281
CD1E	913
HLA-DRB4	3126
APLNR	187
PTK2	5747
TRAJ59	28696
RAB8A	167493
IFIT3	159817
COPS8	84173
TRAV26-1	28657
CD8B	926
TRAJ38	28717
FZD1	132454
SREBF2	9448
TAX1BP1	10692
IFNB1	3456
SIAH2	61301
PRDM1	148617
TNFSF4	7292
SOCS2	51299
LRRK2	175625
Defb3	137962
TRBV5-5	28610
NPR3	4883
EIF2AK2	5610
GBP2	197330
TET2	195027
IGKV1-16	28938
S100A16	140576
IFNL2	282616
LCN1	3933
DES	1674
EDIL3	32547
CAPRIN1	38977
NCKAP1L	38002
TXK	7294
NLRP7	69828
GATA4	7434
TRAF5	106494
XDH	42778
IL17F	112744
TACR1	158953
TK2	7084
NLRP4	71189
TRAJ50	28705
CD22	933
MFN2	203813
IGKJ	7842
GUCA2A	2980
EIF2AK2	199014
IGHV4-30-1	28399
CTSH	25289
TRAV41	28640
CAMKK2	198659
CASP8	78534
CEACAM1	54381
GHRH	2691
IFNLR1	163702
IGHD5-24	28489
ERBB2IP	24405
TRAJ24	28731
AGTR2	186
IFNA17	3451
IRAK2	178161
PTGES	89226
DEFB136	613210
CD72	971
Cdkn2a	162905
MIR23B	127077
CTNNAL1	80038
UNC5CL	86449
ICOSLG	168471
IMPDH2	200174
MIR133A1	127431
DEFA3	1668
GRN	212642
TRAV36DV7	28646
MOV10	101151
RXRB	6257
NFATC3	189544
GPR33	138962
DEFB114	245928
TAPBPL	55080
TG	7038
IGLJ4	28830
TAP2	6891
SOD1	174662
FGF7P6	387628
PTGDR	5729
GPR32	2854
IL22RA1	58985
TOMM70A	47323
Il28ra	197156
PMCH	5367
TRAJ57	28698
MASP1	5648
AKAP10	35162
SIGLEC9	65664
LIFR	3977
EIF4E	30970
NOD2	179050
DNASE2	175257
NRAS	4893
ENG	2022
MFN1	136722
CALR	811
PSMB8	5696
PAEP	5047
AHR	134957
S100A10	169560
IL25	64806
MAP1LC3C	107725
TRBV15	28572
G3BP1	54619
UBD	236915
JAK3	166648
FCRL5	157234
PSMC3	5702
C1QB	198224
DDX60L	43931
ISG20L2	81875
GPSM1	148192
TSHB	7252
RBP5	83758
GRB2	2885
ACVR1C	130399
ADRB1	153
HMOX1	168890
IL9R	3581
LGALS4	49542
AHSG	148706
LGR6	59352
FGF4	2249
FGFR4	2264
AI607873	205966
SOCS5	50628
MTNR1B	4544
SNCA	30077
IGKV3D-20	28874
UBQLN1	157923
IGLV2-23	28813
MIR21	126673
IRAK1BP1	93345
IGHG3	3502
NFE2L2	181483
TP73	206900
CLEC9A	18377
SIGIRR	16551
SIRT1	159441
CBL	867
IL24	11009
IDO1	3620
BPIFA2	140683
IGHJ4	28477
ADIPOQ	9370
RP5-1000E10.4	101319
NFKB1	195445
FANCC	160833
TGFB1	158292
STUB1	153401
hsa-mir-132	127301
TRBV5-6	28609
VAV3	10451
IGKV1D-33	28896
BMPR1B	658
CLEC6A	186283
IGLV2-18	28814
FGF7	2252
S100A8	6279
BCL11B	170175
BMP8A	353500
IGKV3D-11	28876
FAM3B	54097
DEFB117	245931
CTLA4	1493
ADAR	103
IGHV3-35	28432
HLA-DRB5	3127
ITGA3	58012
TRAV18	28665
CCR3	1232
NR1D2	9975
FCN1	151717
S100A1	6271
RAET1L	154064
TNFSF11	8600
CD37	62489
PURA	137597
AKT1	174623
NLRC5	32729
TNFRSF1A	7132
HACE1	94750
UMODL1	89766
ABL1	158216
CALCOCO2	209835
TREM2	189871
PCBP1	55131
INSL3	3640
CD3D	915
CGA	1081
TYK2	7297
IGHE	3497
TRAJ43	28712
OXTR	5021
JAK1	3716
NUMBL	52025
IGHV3-16	28447
SFTPA1	151763
TPH1	186197
TRBJ2-5	28624
CNOT8	55066
DEFB125	245938
GNB2	31798
TRADD	36010
NFIL3	152923
PGF	5228
IFNGR2	3460
LBP	3929
APCS	205704
MIR107	126455
MX2	4600
IL10	190697
PROS1	46049
ECPAS	23392
SMAD4	3485
Cxcl1	178943
IGHV4-39	28394
VLDLR	44752
BECN1	8678
CD300LF	214212
TRAJ61	28694
MPL	4352
VIM	7431
CLEC4E	186402
HSPA1L	3305
IL20RA	53832
TRAJ13	28742
IRF1	3659
VIP	7432
CEACAM8	54589
PROC	5624
NR2C2	7182
OLFM4	183156
TRAV24	28659
TRAJ27	28728
PTGER2	5732
TRAV25	28658
TSC22D3	81583
TRIM62	95888
PSMA7	83912
RAC1	207763
FGF6	2251
C4BPA	190275
CALCB	797
NR6A1	2649
IGHD1-26	28506
TRBJ2-7	28622
ZFPM1	197075
TRBV27	28560
IGLV1-47	28822
TREM1	86629
YY1	170894
IGKV1D-42	28892
ARRB1	408
VIPR2	7434
CXCR3	164788
LIF	3976
DNM1L	26348
CLTC	207019
LGMN	165744
PDCD1	5133
PSMD6	9861
TSLP	85480
PGLYRP1	8993
MASP2	10747
SEMA3A	135492
TNFAIP3	7128
C1QA	198277
STMN1	196306
TRAJ3	28752
CDK6	26773
NXN	14319
TMED7;TICAM2	37819
IGHV1-8	28472
LY86	59283
CD97	33120
IRF7	212081
IRAK4	177236
IRAK1	154747
DAXX	168138
IGKV1-27	28935
TRAJ32	28723
CCL15-CCL14	348249
DHX58	211512
SQSTM1	168358
IGK	50802
PKLR	162642
GDF15	9518
IL11RA	3590
CTSG	1511
VEGFC	7424
PIN1	137359
IL17C	27189
TLR7	51284
CLCF1	23529
SPAG11A	653423
C3AR1	719
PRKCQ	5588
PPP1CA	129195
SARM1	36569
IFI6	94975
MIR124-1	126971
PCSK1	5122
RIPK2	130745
IL1RL2	8808
MAP2K1	5604
IGHJ5	28476
IRF5	3663
LAIR1	68573
IGKV6D-41	28869
MIR145	126739
TRBV9	28586
IGLV3-16	28799
MR1	3140
SEPTIN7	989
SLIT1	6585
PTGES2	160124
IGKJ2	28949
BCAR1	42468
KDM1	93808
IGHV1-3	28473
AIRE	5152
PSMD5	5711
IGF1	182955
CASP10	78470
PTPN11	5781
SHC3	53358
TRBV2	28620
CD274	47487
IL27	209673
ARG1	96496
TRIM21	24923
DUOX2	50506
LGR5	8549
MIR212	126933
TRBV5-1	28614
TSC22D3	174941
H2-Aa	170982
GBP2	2634
OAS3	196327
CSHL1	1444
MYH9	5777
NOX1	170699
ACVR2B	93
IL20RA	136067
CRLF1	9244
IGHV4-61	28391
MIR15B	127561
IGLV11-55	28770
PDCD1LG2	47595
Fcna	146780
CD47	165137
TRAV10	28676
TRDJ3	28520
INHBA	3624
MIR146A	774160
IGHD1-20	28507
PLAUR	5329
PDE12	41300
CLEC1B	191926
IFI16	103852
ESM1	11082
CCL5	6352
Sc4mol	158311
SLC15A4	64443
SPINK5	144109
TAFA5	25817
RFXANK	8625
TRAV8-3	28683
CASP12	69532
ID2	131550
SENP2	68570
ESR2	2100
LMBR1	64327
LEPR	3953
IL1A	205910
BPI	671
IFNL1	282618
NTS	4922
OPRK1	4986
IGKC	3514
MAP3K8	1326
TRAJ40	28715
RFTN1	190364
IRAK2	17914
IFRD1	36786
mmu-mir-10a	223693
TGFB1	7040
ATG5	148568
TRGV3	6976
CSF1R	1436
ACAP1	24566
SFTPD	6441
OGN	4969
IGHG4	3503
TNFSF4	201525
P2RX7	61253
CD300A	67271
IL1RAP	150439
NR1H4	9971
HTN3	3347
NRG4	145957
PTGER4	5734
SENP2	147701
TDGF1P3	6998
MIR372	127071
CXCL16	194380
TRBV6-3	28604
DEFA1	1667
CD3G	917
IGHV3-23	28442
DEFB126	81623
ORM2	5005
OBP2B	29989
TRIM63	94466
TRBC2	28638
ANGPTL7	10218
KHSRP	21386
TRAV6	6956
NEO1	4756
IGHD5-5	28492
MAP3K4	98770
VENTX	93605
CCBP2	28131
GAST	2520
IGKV2D-24	28885
TRAV29DV5	28653
PRKX	41523
Anxa2	181662
PPBPP2	10895
NLRP6	211907
HLA-DMB	3109
SAA1	6288
IGLV3-12	28802
CORO2A	78227
KAT2B	21805
GSK3B	159859
TRBV6-7	28600
ANXA4	54978
CAMP	820
IGHV3-9	28451
IGH	3492
C5	163835
IL36B	27177
DEFB118	117285
PLSCR1	5359
SCARB1	63952
PIK3AP1	165835
IL23A	51561
UNC5CL	190027
TNFRSF21	27242
PSMC2	5701
GFAP	2670
BGN	89505
BCL10	8915
TRBV11-1	28582
CHGA	1113
PLXNA2	5362
GNAI3	100849
MID2	81697
PIK3R1	5295
IRGM	166425
LST1	177285
CCR4	1233
IL33	157638
IGLV4-60	28785
TRAC	28755
TXNIP	101710
KCNJ8	196988
PROK2	60675
IL15	171492
MIR499A	126967
KLRC1	3821
MANF	7873
S100A12	6283
CD244	51744
BRD8	10902
TSLP	134008
IP6K1	198951
MC4R	4160
CHGB	1114
CTSS	172850
GJA1	95984
FGR	2268
KLRD1	3824
TRIM56	204815
IGHV3-20	28445
NR1H4	184281
NKIRAS1	22073
CLDN4	1364
NCR2	9436
CD4	920
CCR6	135484
PPY	5539
TRAV14DV4	28669
C1QA	93718
CSF2RA	1438
TRAJ21	28734
IL17RD	54756
TRIM23	24045
CDC42	198471
NPY	4852
LAT	27040
Gbp1	197289
ANKRD17	23294
GCGR	2642
HSP90AB1	3326
PIK3C3	132410
LRRFIP2	24724
FGFR3	2261
MMP12	4321
MAPKAPK2	106265
IGLC6	3542
NFKBIB	4793
HAVCR2	165782
SIGLEC6	66055
IRF3	181123
IGLC2	3538
TNFRSF10B	8795
IRF5	132026
IGF2R	3482
PLXNA4	134005
REL	155648
TRAT1	49131
GAS6	135497
SPINK5	11005
NR4A3	8013
OAS1	196587
TRDC	28526
MALT1	10892
FOXA2	208945
DEFB131A	644414
IL32	9235
TGFB2	7042
IL16	3603
S100A7A	338324
PSMD10	5716
IAPP	3375
RETNLB	84666
LCP2	161461
TRIM67	107395
BCL3	152576
VAV2	7410
PRL	5617
MIR548G	282076
DEFB113	245927
MIR125B2	126493
NOS2	203203
IRF6	106452
IL22	50616
FGF19	9965
TRAJ56	28699
FLT4	167138
MIR29A	771638
ITGB2	3689
SIGLEC1	47695
FGFR1	2260
IGHV4-59	28392
DEFB107A	245910
CELA1	1990
TGFA	7039
TANK	173742
SAA2	6289
USP2	74471
GPHA2	170589
GDF11	10220
TRBV7-7	28591
CLEC4C	16472
CMKLR1	1240
ITGB3	547297
CFLAR	78386
TRIM14	78146
ADRB2	154
TPT1	7178
IGHV2-26	28455
TRBV18	28569
INPP5D	178553
CCL3L1	6349
TRIM66	30708
SOD1	6647
TRAV26-2	28656
HSPA14	55933
CXCL5	6374
IGHV3-72	28410
CD1B	910
TRBJ1-3	28633
RB1	179829
TRHR	7201
IGKV1-5	28299
INHA	3623
DDIT3	42805
CD200R1	162436
MAP2K4	31021
IGHV2-5	28457
HAMP	171775
STAT1	153162
mmu-mir-29b-1	224213
IL2	3558
AVPR2	554
PYCARD	210514
PLTP	212419
IL13RA2	3598
TRIM25	60223
PSMD1	5707
STAT1	6772
CCL17	6361
CTSD	19613
CMTM4	146223
MIRLET7C	126579
SERPINA3	12
ANGPTL4	51129
VPS45	102045
DEFB116	245930
TRAJ16	28739
CXCL2	2920
PPP3CA	5530
IKBKB	141021
CCL13	6357
CCL24	6369
TRAV21	28662
NR1I2	8856
SEMG1	6406
CLEC4E	17212
GBP6	185854
RBP4	5950
AZU1	566
IGLV5-37	28783
DEFB106A	245909
DEFB103A	137815
IGHV5-10-1	28386
MDK	4192
ARTN	9048
SYTL1	84958
FSTL1	159696
CRABP2	1382
CXCR4	7852
MFGE8	193646
TRBV6-1	28606
TRIM28	73191
CD53	101004
TRGJ2	6969
CDNF	441549
hsa-mir-126	126853
Gm4955	205885
TPST1	202215
MIR3148	705497
BPHL	670
IL27RA	9466
SYK	6850
RETNLB	164567
HSP90AA1	3320
IL4R	3566
IRF8	45278
ITK	3702
IGHV3-11	28450
GPSM1	92256
ACE2	46534
TRIB3	37170
IGHV1-46	28465
CCL28	56477
CSF2RB	1439
SLC29A3	55315
LTF	4057
APOA1	72644
RXRG	6258
TRBV7-3	28595
SPP1	185485
ARRB2	19263
TRAJ12	28743
IGHJ6	28475
GNB2L1	63034
PLA2G4A	105429
ATF3	106549
IGHJ2	28481
NLRX1	79671
WNT3A	107120
GDF3	9573
IL9	157258
BPIFB1	92747
IGHV6-1	28385
SERPING1	46853
GPI	2821
TNFSF12	8742
NLRC3	12133
SUGT1	35701
MAP3K7IP1	8281
KDR	3791
NLRP9	71104
RAD23A	31509
IL23A	197114
CNTF	1270
EED	8726
NPPA	4878
CASP7	178813
PIN1	26087
HLA-C	3107
RASGRP3	25780
HNF4G	3174
PCBP2	36771
HTR3D	200909
HSPA8	3312
SELE	104701
IL1RN	3557
NLRP2	69883
TAPBP	6892
LRRFIP2	202692
CD1A	909
CMTM1	113540
STAT3	211637
BMP5	653
hsa-mir-148b	126249
AXL	158468
HRH4	129289
DEFB110	245913
SLAMF1	104073
SMARCA2	44200
TRAJ41	28714
TRAJ42	28713
NFKBIA	140708
KLRK1	22914
RIPK2	27941
INSL5	10022
PAK5	57144
HLA-DRB3	3125
CLEC7A	18428
PIAS2	3013
AIP	60515
SEMA4B	10509
DHX15	163641
CCL8	6355
RCAN1	2768
TYMP	1890
JAG2	3714
TPM2	7169
PIAS4	177127
NR4A2	4929
TLR8	185523
PRKCE	50152
CCL4	6351
TRBV7-6	28592
PROK1	84432
TRPM5	212683
LCN2	3934
NLRP3	178924
CHIT1	1118
RNF135	39370
WFDC12	77255
TRAJ25	28730
TRAV9-1	28678
REG1A	5967
IGHV4-4	28401
HSPA1B	175332
IGKV2D-29	28882
CTSL1	74981
OAS1	196449
TNFRSF9	3604
IGLV3-21	28796
TP73	86757
NLRP1	21836
PCSK2	5126
EFTUD2	54412
ULK1	65053
TRBV25-1	28562
AKAP10	183923
TNFRSF4	7293
ATM	165511
MAPK8	148417
SLAMF8	103936
CGB5	93659
IGLV3-10	28803
CALCOCO2	57242
TMSB10	9168
LILRB3	11025
CD40	212533
IMPDH2	34157
PLG	136615
HRAS	3265
CARD17	131590
AHR	8995
COX5B	62465
TRGV8	6982
RARRES2	145192
Mir126	224249
SEM1	7979
NR3C2	4306
CXCL6	6372
TRBD1	28637
TAX1BP1	148305
CCL2	6347
IGHD4-4	28496
NLRC4	43398
MIR125B1	127195
DEFB128	245939
TKFC	26007
TCEB1	25766
AR	367
RARB	5915
C9	17892
ZMYND11	43779
INHBE	83729
AKNA	154783
EHMT2	79489
REG1B	158682
DHCR7	212845
CD63	38974
IL28B	50088
DEFB107B	503614
F2RL3	35882
PRL	139889
EBI3	10148
PAK6	56924
ANGPT1	137812
KIR2DS4	3809
DEFB132	400830
S100G	795
GNRHR	2798
Mir497	221234
TNF	177358
IGKV2-30	28919
SEMA6A	57556
PTGES2	87283
HTR3E	285242
TRBV10-3	28583
CCR8	1237
MIR181A2	126715
PSMD3	5709
VDR	7421
TRAJ15	28740
MIR10A	127395
IL26	55801
S100A11	6282
CCL22	6367
HTN1	3346
PKN1	33268
TRAF1	83153
PPP3R1	151772
CASP1	69618
C1R	15930
GPR17	2840
IGHV4-30-2	28398
PSEN2	207109
CD200	162936
CXCL13	10563
TAFA2	338811
Ly6g	150795
MC1R	4157
TYROBP	7305
Cd97	172600
LTBR	4055
TNC	3371
HSP90B1	182078
FGFRL1	53834
TNFRSF1A	189844
AGRP	181
SOS2	6655
BST2	165924
BTN3A2	69145
SH2D1A	4068
LCN9	392399
DUSP16	20236
SSTR1	6751
TMSB4XP8	7117
TRIM27	5987
LCN2	160059
APOA1	161189
UTS2B	257313
IFNL3	282617
IGLC7	28834
BPIFB3	359710
NOTCH1	149571
FOXO3B	147382
JAK2	3717
RNF31	3579
EGLN2	728297
IRAK3	45584
IL5	172199
PDF	64146
NLRC3	129350
HAMP	57817
PSMD14	10213
TRAJ39	28716
NRIP1	788
Ybx1	182925
TRAJ44	28711
DICER1	168384
PSMC5	5705
IGKV1-12	28940
TRGJP2	6972
PTH2R	5746
NTN1	29663
IGKDEL	3515
XRCC6	9323
TNFRSF10A	8797
PTPN11	196834
TOLLIP	19140
SIGLEC1	206881
TRBV7-4	28594
RNASE7	84659
SLAMF7	104088
INSL6	11172
CSF3	1440
IRF2BP1	58309
AKT1	207
OTUB1	52992
PQBP1	64349
OAS2	196257
APOH	213761
RFTN1	21351
IFNG	192196
TAP1	6890
CD3E	916
PGRMC2	10424
KIAA0226	71731
OGFR	11054
ULBP2	80328
RXRA	151388
SHC4	399694
IGKJ4	28947
SIGLEC15	2836
IGHV3-64	28414
BTK	171427
C5AR2	27202
Mir199a-1	223741
SMPDL3B	194305
S100A6	6277
RGMB	35165
FLI1	75950
MAPK3	5595
NR0B1	190
SLC22A3	98707
LGR4	55366
CMTM8	152189
IGKV1-17	28937
TRBV4-3	28615
MFN2	89999
IL22	192083
Mta1	175870
TRBV16	28571
PPARG	179253
HSPA1B	3304
HJV	148738
TXNIP	175493
S100A2	6273
PTMA	83127
PTH	5741
CRLF2	64109
CD1D	912
HSPA1A	3303
HDAC1	191058
LY9	104095
SFTPD	151871
CXCL10	179916
PTEN	81409
SAMHD1	211114
IL37	27178
IL36RN	26525
CD27	14014
CTNNB1	205243
PURA	48322
PGLYRP1	148760
DDX3X	229341
DEFB104B	503618
TRAJ47	28708
Cxcl2	178955
IGLV1-36	28826
ANGPT1	284
C1QB	93747
ZC3HAV1	137011
PRLR	5618
MICA	100507436
MAFB	75124
PELI3	59060
PELI3	130436
Tmem173	137341
NRG2	9542
SIGLEC5	66180
BST2	684
KIR2DS1	3806
S100A10	6281
IGHV3-15	28448
EPS8	195386
FCN1	91827
ITCH	210517
CD28	940
EPO	2056
IGLV3-27	28791
EHMT2	174783
CCL23	6368
CXCL3	2921
JMJD6	70010
SEMG2	6407
ANGPTL6	83854
FABP6	2172
RXFP2	122042
CSF3R	1441
NGFR	4804
PGLYRP3	114771
DEFB131B	100129216
FBXW5	92843
PIAS1	18826
CCDC88A	157020
NFAT5	190689
IL17A	136575
FAM3C	10447
BCL3	602
NAMPT	134049
LILRA2	409454
DUSP10	106785
TRAJ2	28753
MIR187	127585
TRBV11-3	28580
IGF1R	3480
CCR5	1234
CDK9	86437
ANXA1	151723
LTB4R	1241
TRAV4	28689
GALP	85569
SKIV2L	6499
TRAV22	28661
JAK2	156977
NR2C1	7181
VASP	57716
NCK1	4690
PYY	5697
IGHD1-7	28509
EDN1	147056
MS4A8	145846
SCAF11	28456
SCAMP5	22989
KIR2DS5	3810
PTCH1	77092
CSK	1445
MAVS	57506
VGF	7425
TRGJP1	6971
IGLV5-48	28780
PTGS2	5743
CACYBP	27101
OTUD7B	102040
TRBV20-1	28567
Plunc	210271
FGFR2	2263
ISG15	9636
STAT6	42122
TCF4	3611
Spag11a	274007
IGHD4-11	28495
ARF6	5864
LRSAM1	90678
IGLC1	3537
RBP7	116362
CRYAB	164070
GALR2	8811
CCL11	6356
NOTCH1	92445
FADD	62144
LECT2	3950
TNFSF10	8743
CFP	61793
CARD9	92266
BCL2A1	25591
PMP2	5375
NRIP1	171519
NFKB2	172544
ST2	6761
ELF1	26868
STUB1	8030
CEBPB	213090
MIR203	126601
IGLV2-8	28817
LGALS14	203274
ATF4	8409
NR2E1	7101
PSMC4	5704
RPS6KA4	53886
KDR	172240
IGHV5-51	28388
IGKV@	3519
TRDV1	28518
Mir132	221348
CCR3	206550
INHBC	3626
STAT5A	50625
ANXA6	309
TRIM21	202909
ABL1	89599
SHARPIN	40065
CD180	24968
GATA3	135340
CCL4L1	388372
HLA-DPB1	3115
CASP6	33873
TMPRSS6	164656
SCT	6343
PF4V1	5197
MAP2K3	35553
SF3A1	141954
ATF2	75609
BMP10	27302
FCER1G	2207
HCST	10870
IGLV4-3	28786
PRKDC	408612
IL21R	50615
GAL	51083
BID	637
ANGPT4	51378
GHR	2690
TRAF2	92817
TRIM42	58977
GLP2R	9340
CMA1	1215
CXCR4	189999
PPP1CA	60210
CX3CR1	1524
RGMB	140416
TRAJ30	28725
IL18	3606
TMSB15A	11013
TRIM5	204141
CHGA	165906
TFRC	7037
WFIKKN1	117166
NLRC5	182231
SAMHD1	73653
FCGRT	2217
MAP2K2	5605
HDGFL3	50810
BDKRB2	18990
TLR6	165921
Pyhin1	205927
TIRAP	148134
REST	20380
IL23R	149233
SPI1	43260
HAVCR2	55271
NKIRAS2	50200
SARM1	202876
HTR3A	3359
SEMA5A	9037
BPIFA3	128861
ULBP3	79465
ATG7	178961
WDR62	46287
TOLLIP	212409
ATF4	163574
TMED7	145299
TRPC4AP	26133
CLEC4D	186345
IGHD7-27	28484
SEMA3F	6405
MYDGF	56005
MMP9	212451
MIF	4282
BNIP3L	175760
SERPINB9	56650
LYN	4067
GDF2	2658
IGKV1-13	28939
CD74	972
SFTPA1B;SFTPA1	80144
IGKJ1	28950
RELB	5971
CD320	51293
SFTPA1	653509
IL5	3567
VTN	7448
IGLV5-52	28779
CYSLTR1	10800
HLA-H	3136
BPIFB2	80341
PIK3R2	5296
MMP7	69118
TRAJ1	28754
STAT4	152917
TRDD2	28524
CCRL2	9034
HERC5	29776
SEMA4D	10507
TRAV8-2	28684
RNF5	80442
HPR	191235
TNFAIP8L2	171590
TRIM36	37599
DAXX	1616
AVP	206576
CXCL1	2919
IGKV1D-17	28900
ATG12	145432
TRBJ2-2	28628
CST4	1472
TRAJ11	28744
PELI1	153059
MBL3P	50639
RARA	5914
NRP2	8828
Tgtp1	262889
CLEC1B	18309
OXT	5020
GDF6	392255
CREB1	1385
IL17F	136612
FABP3	2170
LST1	77937
GMFB	2764
ATG12	37900
CD79B	974
ICAM1	3383
RHBDF2	214493
ARL5B	138680
ANGPTL3	27329
DAB2IP	83597
CSF1	1435
STING1	340061
UBXN1	51035
BTN3A1	69277
C1QC	93737
CTSK	102192
MARCH5	82450
IDI1	129163
IFIT1	81960
AMH	268
IGKV3-20	28912
BIRC3	69045
TRAJ14	28741
RGS2	197102
DEFB104A	140596
SIGLEC6	188669
IRAK4	28022
IFITM3	16268
TNFRSF19	55504
SEMA4C	54910
Mir485	221446
PI3	5266
MIR10B	127521
SEMA6B	10501
LRP1	4035
TRBV17	28570
IGLV9-49	28773
CBLC	23624
FLT3	2322
CMTM7	112616
Defb1	139170
NR1I3	9970
Mir466l	272448
GRAP2	9402
PLXNB1	5364
CCL2	204473
PPP3CB	5532
FGF2	2247
RAET1G	353091
WAS	63703
SORT1	6272
PYCARD	28012
STAT2	40906
HIF1AN	86613
IL28A	50102
PLAAT4	5920
ORAI1	61853
CASP3	836
IGHD2-21	28502
LCN15	389812
NDP	4693
TRAJ49	28706
TNFSF9	193693
AIMP1	194580
IL12RB2	3595
IL3RA	3563
LCN6	158062
IFNA7	3444
IL1A	3552
PPARD	5467
DDX41	156279
LRRK2	27257
CRP	1401
TRBV10-1	28585
PRDX2	7001
ZBP1	82385
IGKV1D-37	28894
CXCL11	179944
LY96	25842
ITGB2	167243
IGLV10-54	28772
ACKR1	2532
hsa-mir-146a	127039
C4BPA	106328
IL10	3586
TRDD3	28523
IL15	3600
PAK1	5058
RBCK1	37270
TGFB3	7043
GPR77	59470
STC1	6781
XBP1	3430
LCN1P1	286310
IL1R2	7850
SHARPIN	154756
hsa-mir-152	127645
PRKCG	5582
HTR3C	170572
Mir342	221078
GPHB5	122876
RAC3	5881
CCR10	2826
OASL	8638
RHBDF2	69739
HRG	3273
HSPA14	133420
HTR3B	9177
IGHV3-53	28420
FCN3	94882
PLUNC	66205
AIRE	168233
SNX27	102394
TRIB3	209676
ARHGAP15	71605
MAP3K14	9020
IFNA4	3441
IGLJ2	28832
PRKCD	142854
AMELX	265
IGHV1-24	28467
CGB3	1082
IL17RE	176930
MIF;SLC2A11	2604
TCF7L2	6934
DLL4	54567
HLA-DQA2	3118
CAV1	37314
ACTA1	58
FER	194638
AMBN	258
FAS	355
POLR2F	7203
TRIM26	300948
WNT9B	55716
TRBV4-2	28616
PKLR	103234
LCN12	286256
CCL26	10344
TYRO3	7206
KDM4A	180637
REG3G	130120
HMGB2	44657
CEBPA	173713
IGHV4-34	28395
FABP7	2173
IGHV4-38-2	28389
IGHD6-25	28485
IGKV6D-21	28870
KCNJ8	23052
MAP3K5	136255
IGKV1D-43	28891
TLR3	7098
DEFB131C	100128174
NFYA	4800
PDCD1	184148
CETP	1071
GZMM	12497
UBR1	197131
IGHV1-45	28466
CBLB	868
Pydc3	205951
PNOC	5368
TBKBP1	56118
MLN	4295
PRKCD	40082
TRAV16	28667
CRLF3	51379
FSHB	2488
RAD21	33417
NR2E3	10002
TNFRSF25	8718
TGFBR1	7046
TRAV8-1	28685
NOS2	4843
IGHV3-43	28426
PRKRA	76030
S100P	6286
LCN10	414332
KLRC2	3822
RASGEF1B	26684
TRBV7-8	28590
TUFM	23469
DEFB127	140850
PRDX1	5052
SEMA3A	10371
TRAJ29	28726
IGLJ6	28828
CFTR	129229
CRHR2	1395
CALCRL	10203
TNFRSF18	8784
IL21	140267
MAPK14	1432
Naip2	262522
RICTOR	128168
TP53	26364
FCGR1A	101961
LTB	4050
GNLY	10578
DR1	100329
TRAJ6	28749
BMP15	9210
TRGV5	6978
MFN1	66114
IGKV2-40	28916
CXCR2	3579
DEFB105B	504180
S100A5	6276
ETS1	75897
CXCR6	206490
IKBKB	3551
TNIP1	54098
TIFA	34438
ASCC3	94666
MIR208B	273442
HSPD1	155162
CCL27	10850
TNFRSF11B	4982
KRT16	211290
HSF1	155311
BNIP3	269444
IL17RC	84818
NFATC4	166063
IL1RL1	148423
HLA-DQB1	3119
LCP2	3937
GRP	2922
Selk	142010
IL29	50119
CCL21	6366
RHOA	387
ANOS1	3730
IGHV3-7	28452
IGHD2-2	28505
SOCS1	132667
FREM1	159685
TAFA4	151647
CCL17	182659
FGF3	2248
SIGLEC10	65888
MAP3K7	94374
OPRL1	4987
AIM2	205873
NLRP11	71154
TRBV6-8	28599
TRAJ26	28729
COCH	138038
PDGFB	5155
DEFA4	1669
IGLV1-40	28825
C7	18519
NFAT5	10725
Ear11	157290
UCN3	114131
IRAK3	192499
RETN	56729
THPO	7066
SLC11A1	166877
LALBA	3906
IL4	172024
C2	124824
SRXN1	38297
CD86	158071
IFNA5	3442
DCK	1633
IGHD3-22	28497
FGF8	2253
CALCR	799
DKK1	22943
ESR1	2099
KLRC3	3823
LAIR1	137073
RORC	6097
GABARAP	193040
PAK4	10298
AQP3	57960
TRAJ31	28724
CXCR6	10663
BMP7	655
TYROBP	168769
IL7	3574
CTSS	1520
RIPK3	3902
TNFSF9	8744
IL13	3596
SPP1	6696
SEMA3C	10512
INSIG1	50271
TUBB3	10381
NR5A2	2494
SOCS3	9021
DEFB134	613211
RSAD2	91543
IL12A	150825
GDF10	2662
ELP2	2565
hsa-let-7e	126519
CXCL10	3627
DDX1	30761
CAMK2A	150657
DEFB108B	245911
CD79A	973
CAV1	129000
FREM1	50859
TRIM38	66673
SEMA3D	223117
GREM2	64388
CTF1	1489
TRAJ53	28702
TRIM71	23894
IGKV1-33	28933
KIR2DL4	3805
PGLYRP3	168189
NOX5	79400
FSCN1	207523
F2RL1	2150
IGHD2-15	28503
SEMA3E	9723
OBP2A	29991
Mir149	221120
APOH	350
NAIP	26953
NAMPT	10135
GAS6	53634
PCBP2	188762
COLEC10	10584
RELA	132298
NFKBIZ	64332
PPARGC1A	163551
Ccl5	205509
TRDV3	28516
CAT	847
ELMOD2	38838
CD247	919
IL11	3589
IGHA2	3494
BIRC2	69075
TNFRSF12A	51330
MAVS	207066
STAT2	197036
ADIPOR1	51094
ZFPM2	137408
TRBJ2-1	28629
TANK	10010
TRDV2	28517
TRBV7-2	28596
IL15RA	3601
NFATC2	4773
FZD1	25942
MBL2	158106
NUDT6	11162
HMGB1	209311
FGF14	2259
IL1R1	148254
VCAM1	7412
IL18R1	8809
IRF2	46310
IL8	23954
CEBPE	3098
TRBJ1-1	28635
CARD18	69714
AEN	64782
RXRA	6256
HDGF	3068
CFP	135734
FSHR	2492
RORB	6096
NLRP1	195914
AAMP	80875
TRGC2	6967
ACKR3	57007
TRGV9	6983
IGKV1-37	28931
IL19	190663
RAG1	40149
TRDD1	28525
BMP1	649
AMFR	31785
TNFAIP3	135792
GIPR	2696
IGKV2D-28	28883
IGHD3-3	28501
IREB2	167179
IL1F10	84639
Mbl1	151802
FABP9	646480
PARD3	69007
TRAJ58	28697
TBX21	210153
DHX33	21550
TRBV5-7	28608
GATA6	1469
MRC1	138187
LTBP1	4052
OAS1	196543
PPARGC1B	151805
TRBV29-1	28558
DHX9	105280
IRF1	172251
Mir467b	224167
RAET1E	135250
ROBO2	6092
TRAV8-4	28682
TRAIP	35609
SHC1	6464
IL17D	53342
NMBR	4829
PROCR	10544
HLA-G	3135
ADM	133
IL4R	209275
TRAV19	28664
LPA	4018
CYBB	1536
IDO1	142448
ING4	188872
TEK	7010
DEFB123	245936
BRAF	673
IGHD4-17	28494
IGHV3-13	28449
RIPK3	165974
IL36A	27179
IGKV1D-12	28903
SEMA3B	7869
IFIT2	159756
DDX58	135957
GZMB	3002
THBS1	7057
BDNF	627
TRAV17	28666
PPARG	5468
PTPN6	187635
TNFSF13	8741
MUC1	163463
ORAI1	199057
SMAD3	18366
COPS5	133028
IGLV3-9	28804
CTSL	1514
TRAJ4	28751
IGHJ1	28483
IGHG2	3501
DUSP10	207813
ADRB2	152615
CD14	138525
IGLV4-69	28784
EDN1	1906
TLR4	7099
LEAP2	116842
PPP4C	5531
Sykb	152695
UNC93B1	81622
TICAM1	19505
BMP4	652
RFXAP	5994
DEFB119	245932
WAS	130090
Defb4	137844
UCN	7349
MERTK	205458
MIR16-2	126583
IFITM1	8519
TRIM56	32956
RLN1	6013
TFR2	7036
IGKV1D-8	28904
AIM2	103863
FGF13	2258
RXFP3	51289
LEFTY1	10637
IL10RB	3588
GSTP1	60718
Siglec5	176568
TLR5	106840
NR3C1	2908
ZC3HAV1	56829
EDNRB	1910
IL17C	197277
TRAF2	146254
NOD1	10392
MAPK8	5599
NLRC4	197890
IL12B	164545
CXCR1	3577
HFE	3077
APOM	55937
CD70	970
IGKV2D-40	28878
NFIL3	75722
PSMD4	5710
TRAJ8	28747
HSPA4	3308
TRAV20	28663
CRP	205690
FGF18	8817
TRBV24-1	28563
PTX3	149887
CHUK	169132
BACH2	60468
TRAF6	40102
IGHD5-18	28490
PTGER1	5731
NLRP5	71285
IFNA21	3452
TRPM2	167747
1700021K19Rik	154810
IGLJ3	28831
HSPD1	77925
DDX21	157719
ALB	213
NCK2	8440
ABCG1	163644
IL12B	3593
C8G	733
MID1	43046
LGALS9	35872
HDAC11	19657
UBE2I	151396
CLEC6A	17145
CRIM1	51232
OPRM1	4988
PTHLH	5744
OTUB2	17807
USP7	13958
TRAV1-1	28693
CCNA2	36372
PLCG1	5335
CD36	24023
AIMP1	9255
SBDS	51119
NUP153	63405
ERN1	64539
AXL	52651
TRAF3	7187
SIGLEC8	65955
ACE2	184519
GHRL	51738
TRIB2	129207
COLEC12	81035
CD46	106372
Mir135b	221470
TRAV7	28686
IL18	163502
GREM1	26585
MICB	4277
PTGER3	5733
RNASE3	6037
IGHD	3495
GDF7	151449
BC094916	205894
HSPA5	3309
TICAM1	191912
STC2	8614
APOBEC3H	164668
PIAS3	101753
BAIAP2L1	208134
ISG20	3669
CTSE	1510
CARD9	148496
TRBV12-5	28575
TRAV8-6	28680
HCK	3055
OSMR	9180
QRFP	347148
GRN	2896
PIAS4	18183
IGKV1-8	28942
INS-IGF2	723961
CGB2	114336
P2RY14	147059
E2F1	210416
SLC40A1	30061
IL6	3569
NTF3	4908
NFKB1	4790
IGLC3	3539
CARD11	84433
C8B	99157
PLXND1	23129
HLA-DMA	3108
NRP1	8829
CYBA	46334
CHAT	147704
PTAFR	5724
CD209	30835
ITPR3	82972
IRF8	196509
GLP1R	2740
IL22RA2	116379
MS4A8B	49293
C3AR1	185906
TRBC1	28639
THRB	7068
CCL15	6359
CXCL16	58191
PLXNC1	10154
FGF21	26291
MKNK1	176847
SH3BP2	6452
MX1	4599
CMTM3	123920
PGLYRP2	114770
ITGAM	210531
GOPC	95826
GPR33	2856
MIR373	126503
DHX36	62011
AVP	551
TRGJ1	6968
AMHR2	269
KHSRP	193424
TRBV3-1	28619
BIRC5	332
RNASE2	6036
CMTM2	146225
SYP	65720
PRF1	5551
IL33	90865
MIR122	126375
MAPK9	62183
CD14	929
RAG1	193190
TLR2	7097
